infant	young_child	child	adolescent	young_adult	adult	middle_adult	older_adult	old_adult	n_positives
0.024547381630714963	0.4000380012871437	0.35197799293549026	0.27398524699671456	0.04441327774343843	0.008422312304478558	0.03181230377072825	0.009717478607801974	0.006185933121733307	4
0.9718577364497519	0.08669316127655838	0.08115979153973193	0.3731327701565015	0.09600095866409769	0.059257642076898404	0.08817094444643434	0.05264573391766941	0.017075514540204423	28
0.12161482970671711	0.1483872317340958	0.24325339935390627	0.32086158868897985	0.2917230060833913	0.0877618463752446	0.04730772783347702	0.02307279127145592	0.010665232255722055	4
