infant	young_child	child	adolescent	young_adult	adult	middle_adult	older_adult	old_adult	n_positives
0.006542177622147247	0.2933069473510146	0.269078361417407	0.332289617793618	0.0983630463293996	0.01588548526429137	0.05384097096162091	0.009775518411195689	0.008033868102722119	198
0.14773801472008558	0.1181901594304253	0.27379714755606444	0.25840372764767383	0.1371170339738127	0.06952894049208824	0.15428312201442973	0.17540798088494902	0.06878315526085842	44
0.009955422027314396	0.15192234139997898	0.43995443441634635	0.5544637798692632	0.1572466208008268	0.07341893461748801	0.03456709071069457	0.01871413492295043	0.009899990151992853	45
