infant	young_child	child	adolescent	young_adult	adult	middle_adult	older_adult	old_adult	n_positives
0.05129067426049923	0.33092074968939333	0.2634766047120401	0.16889374908079025	0.08508435257120445	0.07520723877885119	0.058947741055833905	0.010557305837698004	0.6368702752973853	89
0.6968253968253968	0.043766739588141895	0.08349367451511054	0.5326371025620782	0.11006673903877665	0.04439960698562917	0.16950962723328702	0.0801168541656117	0.015727161407536588	63
0.37247474747474746	0.3266457623134641	0.20163501838709497	0.45279530874207935	0.14952773900653488	0.06381333647929416	0.06285937524306368	0.025188324125061817	0.014192425745860925	125
