infant	young_child	child	adolescent	young_adult	adult	middle_adult	older_adult	old_adult	n_positives
0.011547536547536548	0.20963426957422862	0.3610056822484925	0.2931010169599967	0.07752515970623916	0.01971023753657003	0.05657871953429548	0.03174398128233566	0.009998694656459535	9
0.05013951404019455	0.04452899356674552	0.0778296850652341	0.359903776576613	0.2376084343546796	0.271626732236254	0.13810407916017897	0.07994754753250449	0.02725812338333654	29
0.008889512592327207	0.03146887233932044	0.06222306552081014	0.26561381681512	0.3544751414382249	0.5550887892770169	0.10512115339915762	0.05507726884639641	0.10699624125290323	49
