infant	young_child	child	adolescent	young_adult	adult	middle_adult	older_adult	old_adult	n_positives
0.566247582205029	0.49593612938596493	0.6089452214452215	0.7419786096256684	0.11208550287750069	0.3688974291015107	0.38589981447124305	0.7629107981220656	0.8306526806526806	10
0.8850855745721271	0.46738526865915403	0.4688663187625086	0.4604729316876451	0.7081117159960786	0.6702154626108999	0.48834811301299236	0.2969007393786155	0.33205105787725125	7
0.4001512859304085	0.4643597719025402	0.36168518040127445	0.16125468164794007	0.7045166051660516	0.7606768510258698	0.7775619729108101	0.812432497299892	0.9103302611367128	16
