infant	young_child	child	adolescent	young_adult	adult	middle_adult	older_adult	old_adult	n_positives
0.6850384797512621	0.5149209754947675	0.27377844478617774	0.13064039831486435	0.06612633986946075	0.06486748499830901	0.04931376390750447	0.010413472420171165	0.006718786928577834	228
0.013915430707325965	0.48430918727694566	0.3725941434149406	0.4170419807798586	0.11037598972035444	0.05638936677569674	0.10847276401489048	0.04348556538764341	0.011433654878623757	39
0.02458379520668781	0.050436410441001306	0.13338909608474675	0.38030324105189983	0.19549183693172825	0.19734038243614355	0.08487579919886869	0.07562132179297387	0.03514201830895451	24
