infant	young_child	child	adolescent	young_adult	adult	middle_adult	older_adult	old_adult	n_positives
0.005516961495896875	0.19828254774363832	0.24765056992515747	0.3803546642968293	0.2994273718987343	0.04458356016255117	0.11513163801920252	0.009205581842894474	0.005886144168096912	155
0.09814231867322395	0.05100431978231649	0.07361659091238557	0.6003774652827415	0.10643640768190729	0.04987700088946738	0.08037071429075521	0.06066356080604811	0.023560897141839073	185
0.016129745462211884	0.04325393967958488	0.2417051806665442	0.698797609095339	0.14915207854100399	0.07437732275511844	0.03280649094047467	0.019014339360923165	0.011192917647913359	161
