infant	young_child	child	adolescent	young_adult	adult	middle_adult	older_adult	old_adult	n_positives
0.0042310021989467525	0.1959285528498365	0.36162618173430555	0.20771915135025754	0.0638706768424441	0.01993080877164734	0.15321490867289622	0.6021411483253589	0.3837301587301587	10
0.06639151378252468	0.06635353815017765	0.10009926119852905	0.25095312700461886	0.24499038482477442	0.17982211062611386	0.317845013519739	0.4097561294719022	0.05685899941714851	20
0.020197371284327803	0.06865053994776787	0.09175107841703226	0.2457936970332509	0.3214436900147729	0.15741350650632954	0.11527676274282402	0.46611532866593597	0.4107571595408806	13
