infant	young_child	child	adolescent	young_adult	adult	middle_adult	older_adult	old_adult	n_positives
0.6166451751558134	0.6545641447368422	0.6651078088578087	0.6865196078431373	0.146846288096234	0.2369997349589186	0.24448749733199798	0.43001760563380287	0.11701631701631701	98
0.34881825590872045	0.6627796831618489	0.6370574041860726	0.5965110595136258	0.4618609598898692	0.39239543726235737	0.27380215852065715	0.229054131708999	0.21402343066969748	35
0.45890065557236515	0.392236910316226	0.2699345561009213	0.42202247191011233	0.6576974169741698	0.5998271632471008	0.6498594428826987	0.49555982239289575	0.5754608294930876	59
