infant	young_child	child	adolescent	young_adult	adult	middle_adult	older_adult	old_adult	n_positives
0.41907051282051283	0.5756944444444445	0.43892412497063665	0.5630089340516947	0.5429757785467129	0.4623945431699874	0.36120495495495497	0.16100323624595472	0.26822079314040725	198
0.6963851233924226	0.7305502846299811	0.8180667433831991	0.08889125345818258	0.63248730964467	0.5492851135407906	0.6755931407094198	0.7237470167064439	0.7259953161592506	44
0.3832116788321168	0.5461796809403862	0.8345345345345345	0.7868391451068617	0.2703435214211076	0.21980595516895285	0.2513300948415452	0.13337160352085725	0.039915966386554605	45
