infant	young_child	child	adolescent	young_adult	adult	middle_adult	older_adult	old_adult	n_positives
0.9872662798194712	0.8332168311403508	0.6263403263403263	0.5233288770053476	0.25834042491814624	0.13686721441823482	0.10493046776232616	0.11018192488262911	0.08076923076923079	228
0.7149551752241239	0.9542707822962601	0.8554327291771879	0.16248319687156298	0.6979121039567819	0.6439254028607642	0.5953976764968723	0.5498218595563729	0.5806959258611646	39
0.6417044881492687	0.5561171591498186	0.5860888659261173	0.5420880149812733	0.40107749077490773	0.5640611061552187	0.342167135190391	0.49261970478819156	0.5749807987711213	24
