infant	young_child	child	adolescent	young_adult	adult	middle_adult	older_adult	old_adult	n_positives
0.8377403846153846	0.7304754273504274	0.6139065069297627	0.4769419627634181	0.10667820069204152	0.07844193143062289	0.09295232732732732	0.12411003236245954	0.12620578778135047	4
0.9980882864094544	0.5856261859582542	0.4050057537399309	0.4449457331347096	0.5070501974055274	0.4698906644238856	0.4621799389241249	0.5347255369928401	0.1674473067915691	28
0.7268856447688564	0.8089840470193115	0.7794594594594594	0.3323225901110187	0.6428291536050158	0.36662205865952935	0.46160074022669445	0.30597014925373134	0.14530812324929968	4
