infant	young_child	child	adolescent	young_adult	adult	middle_adult	older_adult	old_adult	n_positives
0.3060897435897436	0.3927350427350428	0.38656330749354006	0.6095205619586715	0.843667820069204	0.8002154011847065	0.6252815315315315	0.08511326860841423	0.08038585209003217	155
0.6773548835592631	0.3451138519924099	0.3581703107019563	0.6983613534794637	0.35927805978567395	0.3703111858704794	0.3920601362461828	0.47995226730310264	0.4090554254488681	185
0.6478102189781022	0.5032185838231179	0.79009009009009	0.8211473565804274	0.23514237199582028	0.2315713170514107	0.20182743465186215	0.1454267125908917	0.19432773109243695	161
