infant	young_child	child	adolescent	young_adult	adult	middle_adult	older_adult	old_adult	n_positives
0.2768429487179487	0.19106570512820512	0.356225041108762	0.6143763213530654	0.8882006920415225	0.9095315024232633	0.9338870120120121	0.9792880258899676	0.9919614147909968	6
0.9693256864789711	0.33689120809614165	0.44298043728423475	0.2401361991913173	0.49582628313592775	0.5437342304457528	0.7942212825933755	0.7563245823389022	0.8879781420765027	12
0.18552311435523114	0.23747551077525886	0.3195195195195195	0.30434782608695654	0.7174764890282131	0.6676703468272556	0.7834836918806385	0.6502104860313815	0.6736694677871149	7
