infant	young_child	child	adolescent	young_adult	adult	middle_adult	older_adult	old_adult	n_positives
0.5240384615384616	0.7163194444444445	0.6304792107117688	0.4288481211211894	0.2224567474048443	0.13247172859450726	0.09858295795795796	0.13090614886731394	0.1661307609860664	50
0.41501564129301355	0.15425363693864644	0.10356731875719218	0.9623749733985955	0.5027072758037225	0.4250630782169891	0.25845665961945036	0.1815035799522673	0.15534738485558158	45
0.4951338199513382	0.36873775538762943	0.18054054054054053	0.26338827211815913	0.8138061650992685	0.7713839634214342	0.6793893129770991	0.6775736701109836	0.1446078431372549	96
