infant	young_child	child	adolescent	young_adult	adult	middle_adult	older_adult	old_adult	n_positives
0.005264055243669089	0.15816404540442525	0.23834034729422132	0.2756222014839651	0.2569456280458657	0.08222876760102499	0.338269876356483	0.33310759483173275	0.527065527065527	6
0.6259745998971358	0.050506328435527686	0.08529764169334655	0.2910052352200829	0.09708660522594761	0.06873695429697488	0.22826663257028226	0.11516526356406755	0.17852709898047325	12
0.007097645223811726	0.027812294023233288	0.07664741522935772	0.28390233696292555	0.37880776974458774	0.1689261281048371	0.1462117194064742	0.05033277774984613	0.38138584784306806	7
