infant	young_child	child	adolescent	young_adult	adult	middle_adult	older_adult	old_adult	n_positives
0.5493230174081237	0.5713952850877193	0.6802229020979021	0.7249442959001783	0.1183597524916704	0.23642989663397826	0.33428013200453144	0.4883362676056338	0.5388111888111888	16
0.9105541972290139	0.531275518536665	0.6008828535622768	0.1764572895026274	0.5248732870283461	0.7453557848995112	0.8711246305080086	0.9491629314638164	0.9580346214373142	33
0.3313161875945536	0.49015033696215654	0.2357272022733144	0.4681367041198502	0.5161033210332104	0.5200992417484389	0.7101967799642219	0.7382095283811352	0.7393433179723503	26
