infant	young_child	child	adolescent	young_adult	adult	middle_adult	older_adult	old_adult	n_positives
0.013539651837524189	0.34951343201754387	0.426544289044289	0.44344919786096254	0.808959916920281	0.7573018817916778	0.6426683304053722	0.4724178403755868	0.15303030303030302	120
0.20374898125509372	0.6441940225379715	0.6500383442754802	0.3768055725284125	0.8848841332415578	0.6911461162411733	0.4174400219976627	0.2075623491552695	0.20912746983738414	490
0.34367120524457895	0.38394245723172626	0.7059975889089813	0.8204119850187266	0.33160147601476014	0.27690120428189113	0.1740608228980322	0.12120484819392777	0.22167818740399386	267
