infant	young_child	child	adolescent	young_adult	adult	middle_adult	older_adult	old_adult	n_positives
0.32453044662819136	0.16533733758533872	0.18132688040202838	0.11912966760424851	0.10291805589386625	0.23346854377473164	0.35494830514753617	0.11384848094533094	0.06496448494271767	77
0.02549852242285718	0.038207109365354174	0.0676056747189926	0.4320863220329221	0.09793365106658802	0.11846715048973797	0.47725531965952694	0.2801324540983715	0.05789104163488399	78
0.006428585369498583	0.026241663669426214	0.08329355909825106	0.32043309452194874	0.18368714101587957	0.2353108888901669	0.2629935967470373	0.20500628675370197	0.08092763286284588	65
