infant	young_child	child	adolescent	young_adult	adult	middle_adult	older_adult	old_adult	n_positives
0.7445733935095638	0.6327165570175439	0.5759469696969697	0.5452094474153297	0.44391397787425535	0.28987543069175725	0.23626184182442084	0.11561032863849766	0.8083916083916084	89
0.9983700081499592	0.4587620447493059	0.4857752090230627	0.44463521935720396	0.6394259850238825	0.4768422958537027	0.5108785316560115	0.5606252154924721	0.5301626158419304	63
0.9672213817448311	0.9403188180404355	0.6461293378110738	0.6567134831460675	0.3867749077490775	0.2828389830508474	0.2727574750830565	0.2532701308052322	0.14400921658986174	125
