infant	young_child	child	adolescent	young_adult	adult	middle_adult	older_adult	old_adult	n_positives
0.3245192307692308	0.2953792735042735	0.4943974630021142	0.5249812453113278	0.5308996539792388	0.7364925507090289	0.8480198948948949	0.9851132686084142	0.9769560557341908	36
0.8567083767813695	0.3349146110056926	0.4390103567318757	0.18276228984890402	0.6379582628313593	0.7059714045416317	0.814012215175006	0.7293556085918854	0.790007806401249	43
0.3935523114355231	0.3809123985446403	0.1926126126126126	0.2564923949723676	0.6696055381400209	0.7780751644920263	0.898912792042563	0.8851894374282434	0.6607142857142857	22
