infant	young_child	child	adolescent	young_adult	adult	middle_adult	older_adult	old_adult	n_positives
0.9501934235976789	0.4054276315789474	0.34168851981351983	0.2919563279857398	0.7167500829354834	0.7013517095149748	0.7406209466892146	0.6269806338028169	0.40909090909090906	208
0.38569682151589246	0.47378735913767756	0.5127845425808504	0.4716485396553831	0.7135556807041694	0.6761904761904762	0.4490272908503472	0.27445121250430987	0.24916943521594687	71
0.3915784165405951	0.33171332296526695	0.7397313355722036	0.5367883895131086	0.3935940959409594	0.5244759143621767	0.34375159723996934	0.42151686067442695	0.6646505376344086	79
