infant	young_child	child	adolescent	young_adult	adult	middle_adult	older_adult	old_adult	n_positives
0.008035802173268481	0.46947423335547633	0.37188045519166546	0.20778985849247306	0.04873747520497425	0.00889361569690855	0.031665983198653894	0.009525253955403856	0.006304034171856999	50
0.05345870557641408	0.042030656782866466	0.056260443087041485	0.9466531658485278	0.09500956331810756	0.055750075166518885	0.06379475568648861	0.027882989056698598	0.01656888601975947	45
0.01370442681093127	0.0334369439510661	0.06427769161450059	0.27048684165045833	0.6239498394662092	0.23511557073357087	0.07782031087952776	0.04931908091227314	0.010802424056443612	96
