infant	young_child	child	adolescent	young_adult	adult	middle_adult	older_adult	old_adult	n_positives
0.005671747459603532	0.175182308653338	0.3017968591306275	0.2432940075915939	0.08769053210399172	0.038701742238737596	0.27848811434263	0.44639130606235866	0.2523809523809524	36
0.21616832711996595	0.050771124686794046	0.08320078229762254	0.2805236620696429	0.12694994516233812	0.10090668615699001	0.3223499268554288	0.08645609748218057	0.33699702156830663	43
0.00951681356363119	0.037449281407534986	0.06481803483251627	0.269516762988468	0.286467435853618	0.2423180912936452	0.37854444547264104	0.19666549630241337	0.22292631651424244	22
