infant	young_child	child	adolescent	young_adult	adult	middle_adult	older_adult	old_adult	n_positives
0.5813990973565442	0.8038377192982457	0.5785110722610722	0.40251782531194297	0.4859730856326896	0.22608004240657303	0.2312542072339797	0.075337441314554	0.02459207459207459	22
0.7758761206193968	0.780761064837498	0.7738435927650898	0.2566234877184407	0.8421458815676949	0.6881767155531413	0.46435691207809165	0.3490786499636057	0.40811330652211925	6
0.7992939989914272	0.8228356661482633	0.8158744510462412	0.47849250936329585	0.38634686346863467	0.4589094558429973	0.32415026833631483	0.43009720388815553	0.3727918586789555	6
