infant	young_child	child	adolescent	young_adult	adult	middle_adult	older_adult	old_adult	n_positives
0.029990871838873855	0.23706315471326583	0.29519028659824686	0.3100133252137811	0.057795741854835846	0.08416478722065732	0.06902183644671106	0.06859596258461555	0.20896629213520965	10
0.03504417846421113	0.04142169781585314	0.07449219749467212	0.6397468519257463	0.12464562229273894	0.0666583927039189	0.093776586738956	0.027102389538975355	0.007776735355825433	7
0.008389538308497407	0.03181680718442388	0.08648516125291024	0.25574199028554234	0.334821628938696	0.20843627576670062	0.20474583367575425	0.0934946571006986	0.12912108422191138	16
