infant	young_child	child	adolescent	young_adult	adult	middle_adult	older_adult	old_adult	n_positives
0.08133012820512822	0.37536057692307695	0.6173596429410382	0.42678851531064577	0.3698961937716263	0.4781906300484653	0.724802927927928	0.9915857605177993	0.9839228295819935	10
0.5353667014250956	0.4795224541429475	0.5298043728423475	0.029580761864226434	0.8410039481105471	0.8276703111858703	0.8823702137655626	0.8856801909307876	0.7605386416861827	20
0.6192214111922141	0.5876014553596418	0.39399399399399404	0.15334767936616617	0.7086598746081504	0.6559607449537191	0.7706453851492019	0.9812476081132797	0.8771008403361344	13
