infant	young_child	child	adolescent	young_adult	adult	middle_adult	older_adult	old_adult	n_positives
0.12033450704225353	0.4911038163617978	0.3514795060659913	0.23655677738801723	0.045706861159307506	0.008417690645018383	0.031270784959893966	0.009074118501955124	0.005688173388745695	160
0.9891882852597137	0.1890685043526459	0.17015062435027006	0.2697994483479839	0.13150900053431264	0.071218894806893	0.09782227130417366	0.05179023134021854	0.01805697398373836	31
0.24954600484261502	0.24035442785898678	0.1049474011751818	0.4069216375622615	0.24092077635728612	0.10927033811312922	0.03772183772704225	0.026672619858204377	0.057768229521531475	18
