infant	young_child	child	adolescent	young_adult	adult	middle_adult	older_adult	old_adult	n_positives
0.029601784934682972	0.2781145216412736	0.3672799911400137	0.28752798791596645	0.056927267874495174	0.06986091519190359	0.06195870686492929	0.01762371227373133	0.01830045593094891	16
0.04358606315103637	0.047383227531100504	0.10429504614878066	0.4204497829346471	0.07632930090309004	0.08468631486860562	0.375047972974165	0.353606543698418	0.26252832983968055	33
0.00803719759306087	0.03518753670732973	0.07341893210361766	0.3514340953984435	0.2503569158674326	0.107529122773899	0.25143603158908007	0.08027174671636514	0.05199496992181477	26
