infant	young_child	child	adolescent	young_adult	adult	middle_adult	older_adult	old_adult	n_positives
0.013530674073907616	0.19244313128230456	0.1977358863997416	0.11863630395778746	0.3503275243492117	0.25976951970143136	0.13965214604758383	0.017891473061134994	0.007445202971070689	120
0.00519097561373065	0.06250650738779576	0.11087487490181605	0.5039071073902158	0.4302510904109779	0.10679424519723055	0.08561741623021184	0.024725634983178854	0.005911124119478379	490
0.007587468248224128	0.028109232957362604	0.2770105774666605	0.6147029438566858	0.14684100375109366	0.07758855213721315	0.05723411885501295	0.022220396295856613	0.015398834905696865	267
