infant	young_child	child	adolescent	young_adult	adult	middle_adult	older_adult	old_adult	n_positives
0.9563301282051282	0.7821714743589743	0.6349307023725629	0.413503375843961	0.1132871972318339	0.06838987614431881	0.06695758258258258	0.038187702265372145	0.030814576634512314	160
0.9992179353493222	0.8048703352308666	0.7013808975834293	0.1538412428176208	0.6542019176536943	0.5637510513036165	0.5408738548273433	0.570763723150358	0.2259953161592506	31
0.9197080291970803	0.7877134061013153	0.4418618618618619	0.5492003716926688	0.5365726227795193	0.383182781309245	0.3151746472357159	0.412743972445465	0.23354341736694675	18
