infant	young_child	child	adolescent	young_adult	adult	middle_adult	older_adult	old_adult	n_positives
0.9386417365140769	0.2079632675438597	0.3763039044289044	0.46314616755793225	0.5414461063593486	0.7750463821892394	0.866025251613115	0.88893779342723	0.9096736596736597	77
0.8449470252648736	0.421786705863139	0.4070852739277631	0.2144201393132103	0.634336608055399	0.797211660329531	0.9075067024128686	0.9318852239206221	0.8637873754152824	78
0.23272818961169942	0.3483670295489891	0.33503401360544216	0.3982022471910112	0.46822140221402214	0.6569190454950936	0.697751086123179	0.9157566302652107	0.8640552995391705	65
