infant	young_child	child	adolescent	young_adult	adult	middle_adult	older_adult	old_adult	n_positives
0.03127117172854249	0.5435110373299457	0.25201493698759303	0.10970413319271882	0.13149582261403908	0.06899999246733618	0.05419908379032468	0.010309155947981721	0.006401526948627138	22
0.017613264250847013	0.09771620579396582	0.17541118048364748	0.4552461914602769	0.2812069424079471	0.08843973699243239	0.09379437079723697	0.03266326497201115	0.007634702188072645	6
0.024195775991165028	0.10940547622636272	0.3106041529864384	0.35154743385157616	0.1701849799363201	0.08802431296854858	0.07266575963269152	0.04118314342383181	0.07290132655590534	6
