infant	young_child	child	adolescent	young_adult	adult	middle_adult	older_adult	old_adult	n_positives
0.46634615384615385	0.3989449786324787	0.5615926708949964	0.5460683352656346	0.4765743944636678	0.61586788727338	0.48338963963963966	0.4540453074433657	0.41934619506966775	9
0.3944212721584984	0.23885199240986718	0.3966052934407365	0.3835709725473505	0.7946982515510435	0.8270815811606391	0.6054146112285648	0.6195704057279235	0.43110850897736147	29
0.35097323600973235	0.3306745032185838	0.14072072072072067	0.24059764268596856	0.7373628526645768	0.8861938217910115	0.7608142493638677	0.6852277076157673	0.7195378151260504	49
