infant	young_child	child	adolescent	young_adult	adult	middle_adult	older_adult	old_adult	n_positives
0.50028138656088	0.20787671482217138	0.17339615166957145	0.09180921830233293	0.24521172357506277	0.20632748809985813	0.1855312634805929	0.027049676532834823	0.009917393747345116	208
0.00647941222923896	0.04185588387025535	0.08822301734203829	0.6073242193577664	0.12351268844345219	0.07097035821560185	0.09774723689685307	0.027277307841016125	0.006099378457655997	71
0.008163798846501315	0.025591379534493655	0.4397858121828006	0.37849077985027085	0.1617445207912639	0.10755668824252877	0.07012725662560276	0.036301625535387266	0.055636459126598814	79
