infant	young_child	child	adolescent	young_adult	adult	middle_adult	older_adult	old_adult	n_positives
0.03222789047777509	0.36604003417178593	0.32622161460913973	0.24113509076578837	0.05877445664915459	0.06987046916416585	0.05551290503962083	0.015729721468474275	0.006811272687547289	98
0.006091975815116746	0.09538773952945931	0.15957635972567308	0.6293162270146639	0.08543268308813873	0.04094511911094078	0.06098171057358009	0.024584416813799782	0.0057691950405458995	35
0.009495918611149498	0.028062665440970764	0.0767259423989862	0.3323658077799665	0.4126211986664635	0.13116337178516177	0.1617965861071652	0.036993837076076876	0.028806234349353678	59
