infant	young_child	child	adolescent	young_adult	adult	middle_adult	older_adult	old_adult	n_positives
0.14900587386906752	0.04959844528593211	0.026383836102893497	0.0346098536625866	0.1613141890562378	0.1067321683238521	0.2568268138943386	0.18213823773913868	0.5916846307822432	20
0.04116397814218793	0.039622439806072225	0.7914406206388582	0.07833593054001009	0.2905466970868592	0.20466396916009727	0.14071881020350424	0.03231080447630811	0.01845076958767482	10
0.0811089350772945	0.06336326109052082	0.11139178391836026	0.09980629330490838	0.21703968814412133	0.20433006827498496	0.12410957264730473	0.2502144556657222	0.4783792648893479	17
