infant	young_child	child	adolescent	young_adult	adult	middle_adult	older_adult	old_adult	n_positives
0.29141741442339647	0.2919938709059567	0.589404761904762	0.5188736681887367	0.3623744292237443	0.4417099626287485	0.5601398601398602	0.720776331887443	0.8923635348317744	37
0.24094343277799304	0.19212210077312716	0.3300594307162965	0.4655301845480138	0.5568281355876179	0.7445080445544555	0.8099553378475723	0.22631284916201116	0.20892258346697767	25
0.013730172266757636	0.32837104072398193	0.24155844155844153	0.4188536636573589	0.3446618776319048	0.545530492898914	0.7505266753971417	0.8111312217194571	0.8144319131161236	52
