infant	young_child	child	adolescent	young_adult	adult	middle_adult	older_adult	old_adult	n_positives
0.35190262545696244	0.5852646364042648	0.3275	0.4599391171993911	0.759269406392694	0.6804302251390029	0.5535353535353535	0.42904015126237355	0.2885662431941924	73
0.24297752808988765	0.27326046387629965	0.32158273381294966	0.6264935877385049	0.6313732295436891	0.5466429455445545	0.6317245353695433	0.3361452513966481	0.4067648345239831	46
0.43672181477059524	0.661447963800905	0.7208791208791209	0.7082196094898173	0.5384196185286104	0.4906432748538011	0.412059443147526	0.2737556561085973	0.3014828738512949	44
