infant	young_child	child	adolescent	young_adult	adult	middle_adult	older_adult	old_adult	n_positives
0.2785809238949817	0.33732362893443146	0.1780952380952381	0.34103500761035005	0.6111111111111112	0.559748427672956	0.8201243201243201	0.8395061728395062	0.8523663269579785	55
0.0875145292522278	0.0626099706744868	0.13553331248045042	0.5927431967469503	0.6067645065860149	0.7232518564356436	0.7310906209479903	0.6532402234636872	0.7723429071293191	110
0.19264881460003414	0.11945701357466064	0.15574425574425574	0.45911190426201975	0.5691602675253902	0.6112781954887218	0.6784717872800774	0.6945701357466063	0.5393692564745196	91
