infant	young_child	child	adolescent	young_adult	adult	middle_adult	older_adult	old_adult	n_positives
0.5433034425879937	0.1489833005914561	0.27446719214853577	0.1902466657857112	0.0941940290529857	0.06423181702708158	0.06987277295495034	0.047863823255232946	0.0357436386425075	51
0.7209984078160407	0.310636406580535	0.08405881550560965	0.050269157348523094	0.24397341926049576	0.09743289026435824	0.11552058231311965	0.07464400604879903	0.06766492456294049	29
0.9729020979020978	0.3398277451578229	0.13875687605762593	0.11560411584488398	0.17887284553054156	0.09507723966552747	0.13269108221977277	0.07820589536952945	0.027519580195754654	26
