infant	young_child	child	adolescent	young_adult	adult	middle_adult	older_adult	old_adult	n_positives
0.12205040670270173	0.2052407840231508	0.05116560333726962	0.0887633812332436	0.3310406904372451	0.17089631300537958	0.16214058868689746	0.06819320586241542	0.0370031768647231	46
0.03670392200492437	0.03666200402691588	0.1282148927041745	0.1160866749822978	0.3521131884257247	0.22320296911949356	0.22222324777303007	0.018475415959257727	0.015453622701100506	122
0.08332431566746183	0.053901241039452985	0.2395467516423463	0.23574526753748215	0.26144760911335724	0.16613076708507368	0.17258221751649178	0.0362029399412176	0.022728628601987964	52
