infant	young_child	child	adolescent	young_adult	adult	middle_adult	older_adult	old_adult	n_positives
0.0783482048253761	0.1030788167014863	0.10575863545613523	0.12183125904187178	0.12480902397890553	0.08555078662726685	0.14928459225101473	0.18159741523946368	0.3384057405703162	29
0.021697769612800143	0.1799329125505832	0.10084002388607977	0.050362175400553065	0.2806178152969153	0.13003556787758566	0.2547267799861734	0.0771433577165517	0.03176299693530826	19
0.04838171800377915	0.06661452196552049	0.02699090431818426	0.06629705785307435	0.17218837988217972	0.10570102219942556	0.34027432778905936	0.4509719739495604	0.13397676258393118	21
