infant	young_child	child	adolescent	young_adult	adult	middle_adult	older_adult	old_adult	n_positives
0.8582585576603522	0.5963416969929132	0.7639583333333334	0.6032267884322678	0.29363774733637743	0.3531127518002005	0.28892773892773893	0.2913469024580136	0.25513053190004187	51
0.9666795815575359	0.7189416155691816	0.5850172036284016	0.4172974663747263	0.34580296494620455	0.34791150990099007	0.40285261489698887	0.7748603351955308	0.8041259658842397	29
0.994712604468702	0.887420814479638	0.8601398601398602	0.5909615788368675	0.3899182561307902	0.4102756892230576	0.3127028412002505	0.34479638009049773	0.22180451127819548	26
