infant	young_child	child	adolescent	young_adult	adult	middle_adult	older_adult	old_adult	n_positives
0.40433048433048435	0.20504882114789233	0.2544492544492544	0.2087427990511691	0.4344464365755267	0.477088948787062	0.6809999999999999	0.738409090909091	0.9192251461988304	20
0.21589460263493415	0.21168044077134984	0.9539170506912442	0.4264264264264264	0.49537778873413046	0.5996783088235295	0.4989134467588912	0.5227513227513227	0.317795367927294	10
0.16278036864312678	0.5318532818532818	0.41672218520986004	0.5264603817235396	0.6119351500517419	0.6124557260920898	0.49034902168164995	0.531235750113999	0.8329889807162535	17
