infant	young_child	child	adolescent	young_adult	adult	middle_adult	older_adult	old_adult	n_positives
0.42343801927550684	0.4023175636851178	0.36502976190476194	0.46861491628614915	0.4229223744292237	0.4593473703399873	0.6242424242424242	0.700367033700367	0.8614407371213179	29
0.10766175900813639	0.513663023193815	0.5289646543634657	0.42536753206130745	0.4157783396962335	0.5069306930693069	0.6863564327906642	0.7710055865921788	0.5121737862662195	19
0.4646938427426232	0.2190950226244344	0.15474525474525475	0.34447826999790043	0.3651473866732723	0.4624895572263993	0.7436087228833342	0.8385067873303167	0.8378237259816207	21
