infant	young_child	child	adolescent	young_adult	adult	middle_adult	older_adult	old_adult	n_positives
0.6488866733133931	0.5327523462938135	0.7812797619047618	0.6527245053272451	0.3393607305936073	0.37826998450460303	0.29017094017094014	0.34907129351573796	0.32591093117408904	75
0.7059763657497093	0.8053185817115436	0.7087269314982796	0.5941194870190804	0.4385360371527261	0.45525990099009894	0.3397349085146233	0.02122905027932962	0.02974194488992566	46
0.023196315879242695	0.6845701357466064	0.6153846153846154	0.4890300230946882	0.5749071092395344	0.639264828738513	0.370238569720435	0.5215384615384615	0.32978279030910607	22
