infant	young_child	child	adolescent	young_adult	adult	middle_adult	older_adult	old_adult	n_positives
0.41960113960113954	0.33579423672302927	0.30014430014430016	0.3741104710267706	0.4376961004034065	0.49123989218328845	0.706125	0.7079545454545455	0.5460526315789473	9
0.9361453463663408	0.8953168044077136	0.7922652932140597	0.4633864633864634	0.3784358437076297	0.46484375	0.3149414321301744	0.21084656084656087	0.24714160070360597	31
0.1844326004885632	0.4522200772200772	0.8287808127914723	0.8509253903990747	0.433597792342187	0.41361668634395904	0.470386039132734	0.49589603283173733	0.34228650137741046	38
