infant	young_child	child	adolescent	young_adult	adult	middle_adult	older_adult	old_adult	n_positives
0.38814814814814813	0.47392236246725405	0.4357864357864357	0.3822433073534395	0.5208426714477812	0.5592991913746631	0.693	0.6038636363636364	0.33296783625730997	19
0.9123459413514662	0.9672727272727273	0.7184422155959158	0.34488334488334493	0.438832737581659	0.35749080882352946	0.4163354004346213	0.29708994708994707	0.2415713866901202	25
0.2779258272262936	0.8626930501930502	0.5604041749944482	0.5699826489300174	0.6850638151086581	0.5612947658402204	0.4116869381279746	0.12129502963976288	0.165633608815427	16
