infant	young_child	child	adolescent	young_adult	adult	middle_adult	older_adult	old_adult	n_positives
0.15375820424050304	0.058109543726201085	0.02802900914245981	0.0432040676817026	0.18454948684845654	0.15121829293028222	0.42886818225866463	0.159774177864407	0.055081125617587136	9
0.5142035433423247	0.39081202016555355	0.16825620674842967	0.08380672285674676	0.2432215672381443	0.15163045084393753	0.10217331237978922	0.017069725266001395	0.01662520154173945	31
0.08294009349083638	0.0523144791959249	0.4682086645997719	0.4051009351912456	0.15642777921202836	0.12837937443286493	0.10232358869572446	0.06974480336964134	0.0315988345621557	38
