infant	young_child	child	adolescent	young_adult	adult	middle_adult	older_adult	old_adult	n_positives
0.857926221335992	0.6877992721700823	0.7888095238095238	0.6164383561643835	0.31354642313546427	0.283656913681524	0.22113442113442108	0.20870870870870872	0.2843082507329331	69
0.8619236729949632	0.49204212210077314	0.3584610572411636	0.557741632780732	0.5958649412464674	0.5010829207920793	0.46952888632761847	0.031284916201117334	0.13573407202216065	121
0.17704246972539656	0.9461085972850679	0.914985014985015	0.7173000209951711	0.5452316076294278	0.48700918964076856	0.2856004099527415	0.2623981900452489	0.21355472013366752	52
