infant	young_child	child	adolescent	young_adult	adult	middle_adult	older_adult	old_adult	n_positives
0.1058868294096506	0.08981710989807123	0.0540513060973419	0.0804762956435684	0.1986886325433304	0.1141316228737097	0.15767403343663194	0.2170363157214131	0.4291663801174671	40
0.03692171551130639	0.035094605409235535	0.04883322877248417	0.14524815884832526	0.39861848151194096	0.2692466831951444	0.15698714182196813	0.04078150561437287	0.0530793356947901	57
0.07597337936191327	0.04072762997159268	0.10348244551112899	0.08671018238733269	0.22319612225399293	0.3185698597445106	0.3469326166705374	0.17067372905994646	0.06507176416248872	31
