infant	young_child	child	adolescent	young_adult	adult	middle_adult	older_adult	old_adult	n_positives
0.20434529744101032	0.3885590244525315	0.42610119047619044	0.42916286149162863	0.6810045662100456	0.7659283565764288	0.5916083916083916	0.6295740184629074	0.4289403881055423	46
0.09051724137931033	0.13361770194614767	0.28401626524867063	0.5358148263997498	0.6794503115342027	0.5976639851485149	0.5381069010229074	0.8508379888268156	0.8308791369004228	101
0.006054920689067028	0.4158823529411765	0.5058941058941058	0.4729162292672685	0.5898191726529601	0.5911862990810359	0.5155155725103912	0.5193665158371041	0.6598788638262323	57
