infant	young_child	child	adolescent	young_adult	adult	middle_adult	older_adult	old_adult	n_positives
0.1942050734966539	0.05425696121621249	0.03234223478352527	0.03846364844214166	0.15894633730286173	0.0973280260660864	0.1788222299633334	0.1252878931985239	0.38738919606566663	12
0.040620612418354574	0.04194790193364872	0.049293348881478564	0.09611242255164268	0.3151103672069514	0.2538752499881099	0.21967108672607852	0.23508536842276556	0.08925617141191025	9
0.15802682870215443	0.0538641936868257	0.09986211483542486	0.07538281755166645	0.17501523863069976	0.25412515028999727	0.22599363350293772	0.17804403409380434	0.029343060710582684	11
