infant	young_child	child	adolescent	young_adult	adult	middle_adult	older_adult	old_adult	n_positives
0.057997863908127674	0.1336395520669878	0.13199735496099912	0.156654869374078	0.3484247885183954	0.1450495738877547	0.11295117607918595	0.05569530712295669	0.03929884032213713	73
0.022092373554409694	0.2936160942142156	0.16747783409681302	0.07567440401054432	0.3574495561221959	0.11534915711278533	0.12733622022012248	0.018457736568004767	0.014039707922293424	243
0.030092512665212866	0.10020864466685145	0.04840038278164521	0.11961748692376264	0.44797491119199717	0.14758484517331488	0.17335508894368468	0.0745508656149074	0.031532772545622215	110
