infant	young_child	child	adolescent	young_adult	adult	middle_adult	older_adult	old_adult	n_positives
0.38300210511100985	0.23001466818808103	0.3109095847506672	0.16919363340621166	0.09731725556192071	0.0585071631436475	0.0645499803603094	0.0429663231562303	0.03726952641683103	69
0.42284683937154094	0.2043396634666211	0.06838033066997604	0.06706487732706834	0.35688582200332575	0.12795720266137373	0.12930606458531732	0.01792460645064508	0.014674523467669018	121
0.0360417044573072	0.5427988623769906	0.3255988171487625	0.180845488941928	0.2263414606886452	0.10735499715513805	0.1280128244063	0.07064834977874716	0.027235853985279484	52
