infant	young_child	child	adolescent	young_adult	adult	middle_adult	older_adult	old_adult	n_positives
0.17982905982905983	0.7773279352226721	0.6185666185666185	0.6472382243307354	0.7225459435230839	0.6423517520215634	0.436375	0.3727272727272727	0.3139619883040936	46
0.06311092222694431	0.10931129476584021	0.7153700189753321	0.5557095557095557	0.5894243806236904	0.5874080882352941	0.5901839190120315	0.2743386243386244	0.21401348578129584	122
0.15400843881856538	0.4717664092664092	0.6803242282922497	0.7222382880277618	0.6795446705760607	0.5377804014167651	0.5662347964040191	0.12995896032831739	0.06198347107438015	52
