infant	young_child	child	adolescent	young_adult	adult	middle_adult	older_adult	old_adult	n_positives
0.13083760138379336	0.14375556277006593	0.3737090242182721	0.30415967779668746	0.10010230042436541	0.06816489564184995	0.0700882092840574	0.051283278759577076	0.0391702454753632	75
0.28263783953197613	0.4038418620577698	0.10711437215622543	0.07562526435783319	0.2773778629757733	0.11621801712722436	0.10530117811962185	0.017955006474964223	0.013862324613139918	46
0.028942085530134633	0.16582477247302868	0.05807860926648091	0.08541230287399182	0.3334135671756081	0.2124586143226247	0.15331743129530218	0.1069751441855322	0.03168028651548921	22
