infant	young_child	child	adolescent	young_adult	adult	middle_adult	older_adult	old_adult	n_positives
0.05851647683149495	0.10310848927147266	0.11604014505547536	0.1161900340203096	0.24259619804844543	0.31854550438981427	0.13135176047224678	0.11361322367927604	0.04599040643358784	46
0.0214264861577256	0.09468959951003637	0.04116387444915595	0.06909742951401976	0.45105066945683586	0.1638750160927929	0.15360992363193926	0.20483797608066237	0.08188376322842673	101
0.028833112495181605	0.08987632402835352	0.04819412120653552	0.09143183021742055	0.2857860055153305	0.15275890529418487	0.2295213433180012	0.11434701591133978	0.07115685802153006	57
