infant	young_child	child	adolescent	young_adult	adult	middle_adult	older_adult	old_adult	n_positives
0.9407407407407407	0.5151226482495832	0.48677248677248675	0.4818705523551339	0.4314208874943971	0.43985849056603776	0.42087500000000005	0.3868181818181818	0.10672514619883042	45
0.8548661283467913	0.7844628099173553	0.33785126954007405	0.4993454993454993	0.4843769259213608	0.4936121323529412	0.4897970000530026	0.1335978835978836	0.07329228965112872	26
0.9928936264712414	0.7082528957528957	0.6200310903841884	0.5465587044534412	0.3696102104173853	0.3934474616292798	0.2842411422527763	0.12197902416780666	0.2176308539944904	38
