infant	young_child	child	adolescent	young_adult	adult	middle_adult	older_adult	old_adult	n_positives
0.35122507122507124	0.5579899976184806	0.429052429052429	0.722128092172145	0.7451815329448678	0.6930592991913747	0.42125	0.28136363636363637	0.15314327485380116	13
0.34084147896302597	0.42633608815427	0.5516400108430469	0.5563255563255564	0.54064464439788	0.5181985294117647	0.5854136852705782	0.10132275132275134	0.3013778950454412	37
0.7461692205196536	0.5089285714285714	0.6442371752165224	0.5248698669751302	0.20567437047257675	0.318870523415978	0.3566895822316235	0.8422252621979025	0.8829201101928374	28
