infant	young_child	child	adolescent	young_adult	adult	middle_adult	older_adult	old_adult	n_positives
0.06498575031040939	0.09385022132684855	0.08484235973391722	0.10023630045236409	0.15976316591507866	0.09415010758600979	0.297590328309037	0.2213818443580604	0.2668051496749036	55
0.02150326229637616	0.09078847108517245	0.036118574461764065	0.07135059929366533	0.36930088113696263	0.24095603885353217	0.2553468843771113	0.08665314621425642	0.0991448481117843	110
0.03272636631376067	0.06128532140324749	0.027520869419934618	0.11190426926872729	0.2799358678590309	0.1494076441095602	0.2981067113443232	0.16753296250964655	0.052719084791799736	91
