infant	young_child	child	adolescent	young_adult	adult	middle_adult	older_adult	old_adult	n_positives
0.14691605453389112	0.07233721483249742	0.03434753010650757	0.04382985241064577	0.2407761214620891	0.13801035064727796	0.4119464234986783	0.13818675002683514	0.03866941716717652	19
0.39734401951998866	0.5572628019879712	0.12455082453655611	0.06891333675353002	0.2648963220061269	0.12960761215439667	0.12104289651296464	0.018796918937916914	0.016058144375024373	25
0.11534470046359101	0.5747059332724783	0.1460227175070797	0.10955889612098191	0.27369981833327	0.1734069376533363	0.0944644655578514	0.03617273736734533	0.025635861849502572	16
