infant	young_child	child	adolescent	young_adult	adult	middle_adult	older_adult	old_adult	n_positives
0.1846153846153846	0.4953560371517028	0.7652717652717652	0.6407997289054557	0.5367548184670552	0.5021900269541779	0.490375	0.5875	0.7174707602339181	28
0.24224394390140247	0.23724517906336087	0.09026836541068041	0.6935396935396936	0.6964439787994576	0.48956801470588235	0.5528170880373138	0.4666666666666667	0.47815889768396364	68
0.20364201643348878	0.1525096525096525	0.2856984232733733	0.37579525737420477	0.6749741290100034	0.5837268791814246	0.5875198307773665	0.9655722754217966	0.9524793388429752	44
