infant	young_child	child	adolescent	young_adult	adult	middle_adult	older_adult	old_adult	n_positives
0.07611448649647945	0.18601351712069847	0.11234258621203852	0.1458824370141467	0.2854505144244468	0.13197839588297788	0.10877677704000863	0.05900663443925946	0.03743294312110249	73
0.027848866404739377	0.11476995214271243	0.04428811861305439	0.09415870328523945	0.42258789165070093	0.1474305566611081	0.20839552463695232	0.024329672815863762	0.02162903536929126	46
0.046942412426641586	0.14710978104384656	0.09068340718438546	0.17133324434617198	0.28787523477772936	0.12723592834765618	0.16976260455438624	0.07098742927524346	0.030458042021792826	44
