infant	young_child	child	adolescent	young_adult	adult	middle_adult	older_adult	old_adult	n_positives
0.19142572283150547	0.4912532720423929	0.3901488095238096	0.53220700152207	0.7917199391171994	0.7048126879956248	0.5678710178710179	0.38872205538872207	0.33142538042719527	73
0.10373886090662533	0.6137296720874433	0.6691585861745386	0.5971848608070066	0.5925099575255756	0.45026299504950495	0.4662728713441867	0.056592178770949714	0.047091412742382266	243
0.08016373870032407	0.4938914027149321	0.5352647352647353	0.613583875708587	0.7479068615308397	0.5402255639097744	0.42845755280988446	0.30941176470588233	0.32247284878863824	110
