infant	young_child	child	adolescent	young_adult	adult	middle_adult	older_adult	old_adult	n_positives
0.09390313390313389	0.5725172660157181	0.6430976430976432	0.6733310742121315	0.5656656207978485	0.4747304582210243	0.47962499999999997	0.5804545454545456	0.952485380116959	40
0.07129196770080748	0.045289256198347096	0.15984458299448812	0.6347886347886348	0.6258474053987428	0.674908088235294	0.561456511369057	0.6280423280423281	0.7355614189387276	57
0.046746613368865195	0.2970559845559846	0.35964912280701755	0.4433198380566802	0.6350465677819938	0.7837465564738292	0.8205975674246431	0.5674874601003193	0.29614325068870523	31
