infant	young_child	child	adolescent	young_adult	adult	middle_adult	older_adult	old_adult	n_positives
0.06509103854356868	0.08811055906199759	0.16933566734418176	0.14518401474738551	0.1024648984593668	0.07307071456729883	0.1231917449249213	0.20121095864170835	0.39023041194103697	37
0.024544943513492318	0.10836143525991912	0.04379676271669314	0.053852161921988634	0.3291082109447252	0.31095050880045316	0.3254605639065381	0.022566289371137565	0.015812150827203733	25
0.028866860531341104	0.07636844949837732	0.029453374637395134	0.07399624112691125	0.16770016074701563	0.1258885364479323	0.4082619322222309	0.2840697558033232	0.12573713931339195	52
