infant	young_child	child	adolescent	young_adult	adult	middle_adult	older_adult	old_adult	n_positives
0.9018730794165943	0.08240954809573853	0.03926677430294781	0.052919743455964466	0.15977584111320267	0.10127306169779621	0.1364662649348963	0.0665873856651031	0.0292737711377221	45
0.47841153781830054	0.27645306786399065	0.05814708589628366	0.09041482507629163	0.29223035292425026	0.16296584975765674	0.1364580799233775	0.015492529469914525	0.01347006538999481	26
0.964445107793216	0.10947934123966244	0.164115118988919	0.10642200688374064	0.14248068014571974	0.12545997814509163	0.075853688452242	0.03557106007251439	0.02624055396786733	38
