infant	young_child	child	adolescent	young_adult	adult	middle_adult	older_adult	old_adult	n_positives
0.11648197267897842	0.10320662435581622	0.0879402003481017	0.07813150144329455	0.227278876627954	0.1155756699056585	0.18305827604810548	0.11601831287470717	0.08901409506427128	28
0.04243262041886387	0.040739770512490725	0.04482417911136595	0.167153257370289	0.45484188598789566	0.16406524254050114	0.16191759887933713	0.12620801322844333	0.082144833186156	68
0.0848083843398423	0.03477526632921093	0.09411426791225773	0.07791942385188562	0.2518520951590874	0.17628333739379237	0.14474814903294764	0.5025242743352786	0.4787727421285194	44
