infant	young_child	child	adolescent	young_adult	adult	middle_adult	older_adult	old_adult	n_positives
0.1431920116370526	0.09131684202477391	0.03391003588484197	0.14198397270227164	0.38044766691366994	0.1879014753764917	0.16106003007340275	0.057090213995395774	0.030481993207311257	13
0.049248079985570736	0.05484320969458037	0.0828734989321091	0.10349392809143068	0.3831288206155471	0.20853317954910827	0.18919714411090993	0.015066367626612773	0.02339294005894897	37
0.3374972029652812	0.0687736021153076	0.19730522476648388	0.10008970720827037	0.11807711506564968	0.11260909427758975	0.08607189907962888	0.1936292936227178	0.19905621609508797	28
