infant	young_child	child	adolescent	young_adult	adult	middle_adult	older_adult	old_adult	n_positives
0.5304843304843304	0.28530602524410575	0.37999037999037993	0.2795662487292443	0.42794710891976695	0.39100404312668463	0.5726249999999999	0.6177272727272727	0.8907163742690057	12
0.1945388865278368	0.2499173553719008	0.19291587602783047	0.5202895202895204	0.5506286207321582	0.6673713235294118	0.5831875761912333	0.7365079365079366	0.494283201407212	9
0.5174328225627359	0.40106177606177607	0.3355540750610704	0.3539618276460381	0.491635046567782	0.6506296733569461	0.754362771020624	0.5214318285453717	0.256198347107438	11
